ID,IMAGE_NAME,LICENSE PLATE NUMBER
0,2e35216e-6e8a-11ee-a789-a799c6a3ea9a.jpg,KL L1 P 7714 
1,33402d26-6e8a-11ee-897d-a799c6a3ea9a.jpg,KL L1 P 771 
2,3767ce2f-6e8a-11ee-bc9c-a799c6a3ea9a.jpg,KL L1 P 771 
3,3ba8ad47-6e8a-11ee-816f-a799c6a3ea9a.jpg,KL L1 P 7714 
4,40082d28-6e8a-11ee-ad27-a799c6a3ea9a.jpg,KL L1 P 771 
5,4407ba80-6e8a-11ee-acac-a799c6a3ea9a.jpg,IND 21 BH 2345 AAL 
6,47744873-6e8a-11ee-ae14-a799c6a3ea9a.jpg,KL L1 P 7712 
7,4a68f1d8-6e8a-11ee-886c-a799c6a3ea9a.jpg,IND 21 BH 2345 AA 
8,4d62f743-6e8a-11ee-ad44-a799c6a3ea9a.jpg,IND 21 BH 2345 AA 
9,5051b14b-6e8a-11ee-9cb5-a799c6a3ea9a.jpg,IND 21 BH 2345 AAL 
10,5333977e-6e8a-11ee-a399-a799c6a3ea9a.jpg,IND 21 BH 2345 AA 
11,561257ef-6e8a-11ee-b6a8-a799c6a3ea9a.jpg,IND 21 BH 2345 AA 
12,590133e8-6e8a-11ee-ac14-a799c6a3ea9a.jpg,IND 21 BH 2345 AA 
13,5bf32d13-6e8a-11ee-a020-a799c6a3ea9a.jpg,IND 21 BH 2345 AAL 
14,5ee2bce6-6e8a-11ee-bf7b-a799c6a3ea9a.jpg,IND 21 BH 2345 AAL 
15,629da54b-6e8a-11ee-a985-a799c6a3ea9a.jpg,ND 21 BH 2345 AAL 
16,69733809-6e8a-11ee-b25b-a799c6a3ea9a.jpg,IND 21 BH 2345 AA 
17,6e90e3f5-6e8a-11ee-8944-a799c6a3ea9a.jpg,KL L1 P 771 
18,71ffc007-6e8a-11ee-8592-a799c6a3ea9a.jpg,IND 21 BH 2345 AA 
19,7ae21c22-6e8a-11ee-909d-a799c6a3ea9a.jpg,IND 21 BH 2345 AA 
20,7e344869-6e8a-11ee-bc30-a799c6a3ea9a.jpg,ND 21 BH 2345 AA 
21,81312811-6e8a-11ee-8f38-a799c6a3ea9a.jpg,IND 21 BH 2345 AA 
22,840bdae6-6e8a-11ee-8d14-a799c6a3ea9a.jpg,IND 21 BH 2345 AAL 
23,86f0d673-6e8a-11ee-b3c3-a799c6a3ea9a.jpg,INO 21 BH 2345 AAL 
24,89fa2c51-6e8a-11ee-a804-a799c6a3ea9a.jpg,IND 21 BH 2345 AAL 
25,8cf211fa-6e8a-11ee-9370-a799c6a3ea9a.jpg,IND 21 BH 2345 AAL 
26,903cc49d-6e8a-11ee-a430-a799c6a3ea9a.jpg,IND 21 BH 2345 AAL 
27,93886a7d-6e8a-11ee-88f6-a799c6a3ea9a.jpg,INO 21 BH 2345 AA 
28,96eba368-6e8a-11ee-81a0-a799c6a3ea9a.jpg,KL L1 P 771 
29,99db965c-6e8a-11ee-846d-a799c6a3ea9a.jpg,IND 21 BH 2345 AA 
30,9cd230e6-6e8a-11ee-9ae1-a799c6a3ea9a.jpg,IND 21 BH 2345 AAL 
31,9fbac0ec-6e8a-11ee-a78b-a799c6a3ea9a.jpg,IND 21 BH 2345 AAL 
32,a29b2228-6e8a-11ee-92ef-a799c6a3ea9a.jpg,IND 21 BH 2345 AAL 
33,a5903673-6e8a-11ee-a0d5-a799c6a3ea9a.jpg,IND 21 BH 2345 AAL 
34,a8948e6b-6e8a-11ee-9951-a799c6a3ea9a.jpg,IND 21 BH 2345 AA 
35,ab8d147e-6e8a-11ee-afd5-a799c6a3ea9a.jpg,IND 21 BH 2345 AA 
36,ae81e917-6e8a-11ee-b131-a799c6a3ea9a.jpg,IND 21 BH 2345 AA 
37,b183fb29-6e8a-11ee-8f6e-a799c6a3ea9a.jpg,IND 21 BH 2345 AA 
38,b47b4d3a-6e8a-11ee-9da3-a799c6a3ea9a.jpg,"IND"" 21 BH 2345 AAL "
39,b79f0495-6e8a-11ee-b487-a799c6a3ea9a.jpg,KL L1 P 771 
40,ba8bc547-6e8a-11ee-981e-a799c6a3ea9a.jpg,IND 21 BH 2345 AAL 
41,be3ea913-6e8a-11ee-91bb-a799c6a3ea9a.jpg,IND 21 BH 2345 AAL 
42,c16e0952-6e8a-11ee-b98f-a799c6a3ea9a.jpg,IND 21 BH 2345 AAL 
43,c4eb6997-6e8a-11ee-8981-a799c6a3ea9a.jpg,IND 21 BH 2345 AAL 
44,c8d044b0-6e8a-11ee-be07-a799c6a3ea9a.jpg,IND 21 BH 2345 AAL 
45,ccd7d525-6e8a-11ee-91da-a799c6a3ea9a.jpg,IND 21 BH 2345 AA 
46,d0e46a72-6e8a-11ee-ad6e-a799c6a3ea9a.jpg,IND 21 BH 2345 AA 
47,d528f200-6e8a-11ee-bdab-a799c6a3ea9a.jpg,IND 21 BH 2345 AA 
48,daecedd2-6e8a-11ee-a55f-a799c6a3ea9a.jpg,IND 21 BH 2345 AAL 
49,df14ec7b-6e8a-11ee-b636-a799c6a3ea9a.jpg,IND 21 BH 2345 AAL 
50,e31d2473-6e8a-11ee-989f-a799c6a3ea9a.jpg,KL L1 P 771 
51,e6d4a22c-6e8a-11ee-ac81-a799c6a3ea9a.jpg,IND 21 BH 2345 AAL 
52,ea039a5e-6e8a-11ee-b2f4-a799c6a3ea9a.jpg,IND 21 BH 2345 AAL 
53,ed108272-6e8a-11ee-abe7-a799c6a3ea9a.jpg,IND 21 BH 2345 AAL 
54,f04516f0-6e8a-11ee-974e-a799c6a3ea9a.jpg,IND 21 BH 2345 AAL 
55,f34dc833-6e8a-11ee-afbe-a799c6a3ea9a.jpg,IND 21 BH 2345 AAL 
56,f67e5a19-6e8a-11ee-8c3a-a799c6a3ea9a.jpg,IND 21 BH 2345 AAL 
57,fa1a25b2-6e8a-11ee-bac7-a799c6a3ea9a.jpg,IND 21 BH 2345 AAL 
58,fd1db829-6e8a-11ee-a4ff-a799c6a3ea9a.jpg,IND 21 BH 2345 AA 
59,00058f92-6e8b-11ee-8bb4-a799c6a3ea9a.jpg,IND 21 BH 2345 AAL 
0,5ee91bdf-6e90-11ee-971d-a799c6a3ea9a.jpg,1S2157IL,2023-10-19 20:31:24
